<?xml version="1.0" encoding="UTF-8"?>
<project-private xmlns="http://www.netbeans.org/ns/project-private/1">
    <editor-bookmarks xmlns="http://www.netbeans.org/ns/editor-bookmarks/2" lastBookmarkId="0"/>
    <open-files xmlns="http://www.netbeans.org/ns/projectui-open-files/2">
        <group>
            <file>file:/C:/Users/JIMMY/Desktop/ProyectosJAVA/techinHouse/web/clientes.jsp</file>
            <file>file:/C:/Users/JIMMY/Desktop/ProyectosJAVA/techinHouse/web/registrarcliente.jsp</file>
            <file>file:/C:/Users/JIMMY/Desktop/ProyectosJAVA/techinHouse/src/java/entidad/TipoServicio.java</file>
            <file>file:/C:/Users/JIMMY/Desktop/ProyectosJAVA/techinHouse/web/index.jsp</file>
            <file>file:/C:/Users/JIMMY/Desktop/ProyectosJAVA/techinHouse/web/actualizacliente.jsp</file>
            <file>file:/C:/Users/JIMMY/Desktop/ProyectosJAVA/techinHouse/src/java/entidad/Prioridad.java</file>
            <file>file:/C:/Users/JIMMY/Desktop/ProyectosJAVA/techinHouse/src/java/entidad/judicial.java</file>
            <file>file:/C:/Users/JIMMY/Desktop/ProyectosJAVA/techinHouse/src/java/controlador/cliente.java</file>
            <file>file:/C:/Users/JIMMY/Desktop/ProyectosJAVA/techinHouse/src/java/entidad/Solicitud.java</file>
            <file>file:/C:/Users/JIMMY/Desktop/ProyectosJAVA/techinHouse/src/java/entidad/Usuario_perfil.java</file>
            <file>file:/C:/Users/JIMMY/Desktop/ProyectosJAVA/techinHouse/src/java/entidad/Historial_tecnico.java</file>
            <file>file:/C:/Users/JIMMY/Desktop/ProyectosJAVA/techinHouse/src/java/entidad/Alumno.java</file>
            <file>file:/C:/Users/JIMMY/Desktop/ProyectosJAVA/techinHouse/src/java/entidad/Reniec.java</file>
            <file>file:/C:/Users/JIMMY/Desktop/ProyectosJAVA/techinHouse/web/img/icons/2.png</file>
            <file>file:/C:/Users/JIMMY/Desktop/ProyectosJAVA/techinHouse/src/java/entidad/Usuario.java</file>
            <file>file:/C:/Users/JIMMY/Desktop/ProyectosJAVA/techinHouse/src/java/entidad/Tecnico.java</file>
            <file>file:/C:/Users/JIMMY/Desktop/ProyectosJAVA/techinHouse/web/DeterminarSesion.jsp</file>
            <file>file:/C:/Users/JIMMY/Desktop/ProyectosJAVA/techinHouse/src/java/entidad/Cliente.java</file>
            <file>file:/C:/Users/JIMMY/Desktop/ProyectosJAVA/techinHouse/web/Login.jsp</file>
            <file>file:/C:/Users/JIMMY/Desktop/ProyectosJAVA/techinHouse/src/java/entidad/Zona.java</file>
        </group>
    </open-files>
</project-private>
